[
    {
        "id": 1,
        "name": [
            "白菜",
            "大蒜",
            "花菜",
            "茄子",
            "辣椒",
            "莲藕",
            "萝卜",
            "南瓜",
            "芹菜",
            "丝瓜",
            "土豆",
            "豌豆",
            "香菇"
        ],
        "url": [
            "./img/白菜.png",
            "./img/大蒜.png",
            "./img/花菜.png",
            "./img/茄子.png",
            "./img/辣椒.png",
            "./img/莲藕.png",
            "./img/萝卜.png",
            "./img/南瓜.png",
            "./img/芹菜.png",
            "./img/丝瓜.png",
            "./img/土豆.png",
            "./img/豌豆.png",
            "./img/香菇.png"
        ],
        "Js": [
            "好吃,多买!"
        ],
        "Time": [
            "现在下单,预计今日18:00-19:30送达"
        ],
        "Dz": [
            "百旺店"
        ],
        "Monney": "20.55",
        "Monneyed": "40.55"
    },
    {
        "id": 2,
        "name": [
            "白菜",
            "大蒜",
            "花菜",
            "茄子",
            "辣椒",
            "莲藕",
            "萝卜",
            "南瓜",
            "芹菜",
            "丝瓜",
            "土豆",
            "豌豆",
            "香菇"
        ],
        "url": [
            "./img/白菜.png",
            "./img/大蒜.png",
            "./img/花菜.png",
            "./img/茄子.png",
            "./img/辣椒.png",
            "./img/莲藕.png",
            "./img/萝卜.png",
            "./img/南瓜.png",
            "./img/芹菜.png",
            "./img/丝瓜.png",
            "./img/土豆.png",
            "./img/豌豆.png",
            "./img/香菇.png"
        ],
        "Js": [
            "好吃,多买!"
        ],
        "Time": [
            "现在下单,预计今日18:00-19:30送达"
        ],
        "Dz": [
            "百旺店"
        ],
        "Monney": "17.33",
        "Monneyed": "28.79"
    },
    {
        "id": 3,
        "name": [
            "白菜",
            "大蒜",
            "花菜",
            "茄子",
            "辣椒",
            "莲藕",
            "萝卜",
            "南瓜",
            "芹菜",
            "丝瓜",
            "土豆",
            "豌豆",
            "香菇"
        ],
        "url": [
            "./img/白菜.png",
            "./img/大蒜.png",
            "./img/花菜.png",
            "./img/茄子.png",
            "./img/辣椒.png",
            "./img/莲藕.png",
            "./img/萝卜.png",
            "./img/南瓜.png",
            "./img/芹菜.png",
            "./img/丝瓜.png",
            "./img/土豆.png",
            "./img/豌豆.png",
            "./img/香菇.png"
        ],
        "Js": [
            "好吃,多买!"
        ],
        "Time": [
            "现在下单,预计今日18:00-19:30送达"
        ],
        "Dz": [
            "百旺店"
        ],
        "Monney": "1.12",
        "Monneyed": "30.95"
    },
    {
        "id": 4,
        "name": [
            "白菜",
            "大蒜",
            "花菜",
            "茄子",
            "辣椒",
            "莲藕",
            "萝卜",
            "南瓜",
            "芹菜",
            "丝瓜",
            "土豆",
            "豌豆",
            "香菇"
        ],
        "url": [
            "./img/白菜.png",
            "./img/大蒜.png",
            "./img/花菜.png",
            "./img/茄子.png",
            "./img/辣椒.png",
            "./img/莲藕.png",
            "./img/萝卜.png",
            "./img/南瓜.png",
            "./img/芹菜.png",
            "./img/丝瓜.png",
            "./img/土豆.png",
            "./img/豌豆.png",
            "./img/香菇.png"
        ],
        "Js": [
            "好吃,多买!"
        ],
        "Time": [
            "现在下单,预计今日18:00-19:30送达"
        ],
        "Dz": [
            "百旺店"
        ],
        "Monney": "27.48",
        "Monneyed": "18.49"
    },
    {
        "id": 5,
        "name": [
            "白菜",
            "大蒜",
            "花菜",
            "茄子",
            "辣椒",
            "莲藕",
            "萝卜",
            "南瓜",
            "芹菜",
            "丝瓜",
            "土豆",
            "豌豆",
            "香菇"
        ],
        "url": [
            "./img/白菜.png",
            "./img/大蒜.png",
            "./img/花菜.png",
            "./img/茄子.png",
            "./img/辣椒.png",
            "./img/莲藕.png",
            "./img/萝卜.png",
            "./img/南瓜.png",
            "./img/芹菜.png",
            "./img/丝瓜.png",
            "./img/土豆.png",
            "./img/豌豆.png",
            "./img/香菇.png"
        ],
        "Js": [
            "好吃,多买!"
        ],
        "Time": [
            "现在下单,预计今日18:00-19:30送达"
        ],
        "Dz": [
            "百旺店"
        ],
        "Monney": "0.80",
        "Monneyed": "9.22"
    },
    {
        "id": 6,
        "name": [
            "白菜",
            "大蒜",
            "花菜",
            "茄子",
            "辣椒",
            "莲藕",
            "萝卜",
            "南瓜",
            "芹菜",
            "丝瓜",
            "土豆",
            "豌豆",
            "香菇"
        ],
        "url": [
            "./img/白菜.png",
            "./img/大蒜.png",
            "./img/花菜.png",
            "./img/茄子.png",
            "./img/辣椒.png",
            "./img/莲藕.png",
            "./img/萝卜.png",
            "./img/南瓜.png",
            "./img/芹菜.png",
            "./img/丝瓜.png",
            "./img/土豆.png",
            "./img/豌豆.png",
            "./img/香菇.png"
        ],
        "Js": [
            "好吃,多买!"
        ],
        "Time": [
            "现在下单,预计今日18:00-19:30送达"
        ],
        "Dz": [
            "百旺店"
        ],
        "Monney": "39.73",
        "Monneyed": "39.29"
    },
    {
        "id": 7,
        "name": [
            "白菜",
            "大蒜",
            "花菜",
            "茄子",
            "辣椒",
            "莲藕",
            "萝卜",
            "南瓜",
            "芹菜",
            "丝瓜",
            "土豆",
            "豌豆",
            "香菇"
        ],
        "url": [
            "./img/白菜.png",
            "./img/大蒜.png",
            "./img/花菜.png",
            "./img/茄子.png",
            "./img/辣椒.png",
            "./img/莲藕.png",
            "./img/萝卜.png",
            "./img/南瓜.png",
            "./img/芹菜.png",
            "./img/丝瓜.png",
            "./img/土豆.png",
            "./img/豌豆.png",
            "./img/香菇.png"
        ],
        "Js": [
            "好吃,多买!"
        ],
        "Time": [
            "现在下单,预计今日18:00-19:30送达"
        ],
        "Dz": [
            "百旺店"
        ],
        "Monney": "41.48",
        "Monneyed": "4.2"
    },
    {
        "id": 8,
        "name": [
            "白菜",
            "大蒜",
            "花菜",
            "茄子",
            "辣椒",
            "莲藕",
            "萝卜",
            "南瓜",
            "芹菜",
            "丝瓜",
            "土豆",
            "豌豆",
            "香菇"
        ],
        "url": [
            "./img/白菜.png",
            "./img/大蒜.png",
            "./img/花菜.png",
            "./img/茄子.png",
            "./img/辣椒.png",
            "./img/莲藕.png",
            "./img/萝卜.png",
            "./img/南瓜.png",
            "./img/芹菜.png",
            "./img/丝瓜.png",
            "./img/土豆.png",
            "./img/豌豆.png",
            "./img/香菇.png"
        ],
        "Js": [
            "好吃,多买!"
        ],
        "Time": [
            "现在下单,预计今日18:00-19:30送达"
        ],
        "Dz": [
            "百旺店"
        ],
        "Monney": "37.8",
        "Monneyed": "18.32"
    },
    {
        "id": 9,
        "name": [
            "白菜",
            "大蒜",
            "花菜",
            "茄子",
            "辣椒",
            "莲藕",
            "萝卜",
            "南瓜",
            "芹菜",
            "丝瓜",
            "土豆",
            "豌豆",
            "香菇"
        ],
        "url": [
            "./img/白菜.png",
            "./img/大蒜.png",
            "./img/花菜.png",
            "./img/茄子.png",
            "./img/辣椒.png",
            "./img/莲藕.png",
            "./img/萝卜.png",
            "./img/南瓜.png",
            "./img/芹菜.png",
            "./img/丝瓜.png",
            "./img/土豆.png",
            "./img/豌豆.png",
            "./img/香菇.png"
        ],
        "Js": [
            "好吃,多买!"
        ],
        "Time": [
            "现在下单,预计今日18:00-19:30送达"
        ],
        "Dz": [
            "百旺店"
        ],
        "Monney": "42.30",
        "Monneyed": "34.57"
    },
    {
        "id": 10,
        "name": [
            "白菜",
            "大蒜",
            "花菜",
            "茄子",
            "辣椒",
            "莲藕",
            "萝卜",
            "南瓜",
            "芹菜",
            "丝瓜",
            "土豆",
            "豌豆",
            "香菇"
        ],
        "url": [
            "./img/白菜.png",
            "./img/大蒜.png",
            "./img/花菜.png",
            "./img/茄子.png",
            "./img/辣椒.png",
            "./img/莲藕.png",
            "./img/萝卜.png",
            "./img/南瓜.png",
            "./img/芹菜.png",
            "./img/丝瓜.png",
            "./img/土豆.png",
            "./img/豌豆.png",
            "./img/香菇.png"
        ],
        "Js": [
            "好吃,多买!"
        ],
        "Time": [
            "现在下单,预计今日18:00-19:30送达"
        ],
        "Dz": [
            "百旺店"
        ],
        "Monney": "37.6",
        "Monneyed": "23.13"
    },
    {
        "id": 11,
        "name": [
            "白菜",
            "大蒜",
            "花菜",
            "茄子",
            "辣椒",
            "莲藕",
            "萝卜",
            "南瓜",
            "芹菜",
            "丝瓜",
            "土豆",
            "豌豆",
            "香菇"
        ],
        "url": [
            "./img/白菜.png",
            "./img/大蒜.png",
            "./img/花菜.png",
            "./img/茄子.png",
            "./img/辣椒.png",
            "./img/莲藕.png",
            "./img/萝卜.png",
            "./img/南瓜.png",
            "./img/芹菜.png",
            "./img/丝瓜.png",
            "./img/土豆.png",
            "./img/豌豆.png",
            "./img/香菇.png"
        ],
        "Js": [
            "好吃,多买!"
        ],
        "Time": [
            "现在下单,预计今日18:00-19:30送达"
        ],
        "Dz": [
            "百旺店"
        ],
        "Monney": "3.14",
        "Monneyed": "5.90"
    },
    {
        "id": 12,
        "name": [
            "白菜",
            "大蒜",
            "花菜",
            "茄子",
            "辣椒",
            "莲藕",
            "萝卜",
            "南瓜",
            "芹菜",
            "丝瓜",
            "土豆",
            "豌豆",
            "香菇"
        ],
        "url": [
            "./img/白菜.png",
            "./img/大蒜.png",
            "./img/花菜.png",
            "./img/茄子.png",
            "./img/辣椒.png",
            "./img/莲藕.png",
            "./img/萝卜.png",
            "./img/南瓜.png",
            "./img/芹菜.png",
            "./img/丝瓜.png",
            "./img/土豆.png",
            "./img/豌豆.png",
            "./img/香菇.png"
        ],
        "Js": [
            "好吃,多买!"
        ],
        "Time": [
            "现在下单,预计今日18:00-19:30送达"
        ],
        "Dz": [
            "百旺店"
        ],
        "Monney": "2.80",
        "Monneyed": "26.25"
    },
    {
        "id": 13,
        "name": [
            "白菜",
            "大蒜",
            "花菜",
            "茄子",
            "辣椒",
            "莲藕",
            "萝卜",
            "南瓜",
            "芹菜",
            "丝瓜",
            "土豆",
            "豌豆",
            "香菇"
        ],
        "url": [
            "./img/白菜.png",
            "./img/大蒜.png",
            "./img/花菜.png",
            "./img/茄子.png",
            "./img/辣椒.png",
            "./img/莲藕.png",
            "./img/萝卜.png",
            "./img/南瓜.png",
            "./img/芹菜.png",
            "./img/丝瓜.png",
            "./img/土豆.png",
            "./img/豌豆.png",
            "./img/香菇.png"
        ],
        "Js": [
            "好吃,多买!"
        ],
        "Time": [
            "现在下单,预计今日18:00-19:30送达"
        ],
        "Dz": [
            "百旺店"
        ],
        "Monney": "15.82",
        "Monneyed": "1.86"
    }
]