[
    {
        "id": 1,
        "name": "三丰",
        "sex": "女",
        "old": 43,
        "home": "人才班",
        "time": "2024-06-10T14:43:15.610Z"
    },
    {
        "id": 2,
        "name": "无常",
        "old": 27,
        "home": "卓越班",
        "time": "2024-06-10T14:43:15.610Z"
    },
    {
        "id": 3,
        "name": "敬亭",
        "sex": "女",
        "old": 28,
        "home": "初级班",
        "time": "2024-06-10T14:43:15.610Z"
    },
    {
        "id": 4,
        "name": "云长",
        "old": 6,
        "home": "中级班",
        "time": "2024-06-10T14:43:15.610Z"
    },
    {
        "id": 5,
        "name": "萧贤",
        "sex": "女",
        "old": 16,
        "home": "高级班",
        "time": "2024-06-10T14:43:15.610Z"
    },
    {
        "id": 6,
        "name": "化腾",
        "old": 20,
        "home": "人才班",
        "time": "2024-06-10T14:43:15.610Z"
    },
    {
        "id": 7,
        "name": "若楠",
        "sex": "女",
        "old": 17,
        "home": "卓越班",
        "time": "2024-06-10T14:43:15.610Z"
    },
    {
        "id": 8,
        "name": "若昀",
        "old": 34,
        "home": "初级班",
        "time": "2024-06-10T14:43:15.610Z"
    },
    {
        "id": 9,
        "name": "沈腾",
        "old": 43,
        "home": "中级班",
        "time": "2024-06-10T14:43:15.610Z"
    },
    {
        "id": 10,
        "name": "麻花",
        "sex": "女",
        "old": 5,
        "home": "高级班",
        "time": "2024-06-10T14:43:15.610Z"
    },
    {
        "id": 11,
        "name": "三娘",
        "old": 37,
        "home": "人才班",
        "time": "2024-06-10T14:43:15.610Z"
    }
]