[
    {
        "id": 1,
        "name": "三丰",
        "sex": "男",
        "old": 7,
        "home": "人才班",
        "time": "2024-06-10T15:40:43.461Z"
    },
    {
        "id": 2,
        "name": "无常",
        "sex": "女",
        "old": 13,
        "home": "卓越班",
        "time": "2024-06-10T15:40:43.461Z"
    },
    {
        "id": 3,
        "name": "敬亭",
        "sex": "男",
        "old": 51,
        "home": "初级班",
        "time": "2024-06-10T15:40:43.461Z"
    },
    {
        "id": 4,
        "name": "云长",
        "sex": "男",
        "old": 24,
        "home": "中级班",
        "time": "2024-06-10T15:40:43.461Z"
    },
    {
        "id": 5,
        "name": "萧贤",
        "sex": "女",
        "old": 41,
        "home": "高级班",
        "time": "2024-06-10T15:40:43.461Z"
    },
    {
        "id": 6,
        "name": "化腾",
        "sex": "男",
        "old": 54,
        "home": "人才班",
        "time": "2024-06-10T15:40:43.461Z"
    },
    {
        "id": 7,
        "name": "若楠",
        "sex": "女",
        "old": 31,
        "home": "卓越班",
        "time": "2024-06-10T15:40:43.461Z"
    },
    {
        "id": 8,
        "name": "若昀",
        "sex": "男",
        "old": 2,
        "home": "初级班",
        "time": "2024-06-10T15:40:43.461Z"
    },
    {
        "id": 9,
        "name": "沈腾",
        "sex": "男",
        "old": 36,
        "home": "中级班",
        "time": "2024-06-10T15:40:43.461Z"
    },
    {
        "id": 10,
        "name": "麻花",
        "sex": "女",
        "old": 53,
        "home": "高级班",
        "time": "2024-06-10T15:40:43.461Z"
    },
    {
        "id": 11,
        "name": "三娘",
        "sex": "男",
        "old": 39,
        "home": "人才班",
        "time": "2024-06-10T15:40:43.461Z"
    }
]